﻿이름,날짜,태그
데이터톤,2024년 6월 3일 → 2024년 6월 27일,
기획서 제출,2024년 6월 7일,
제출 & 발표,2024년 6월 27일,
멘토링,2024년 6월 7일 오전 8:00 (GMT+9),
멘토링,2024년 6월 13일 오전 8:00 (GMT+9),
멘토링,2024년 6월 17일 오전 8:00 (GMT+9),
멘토링,2024년 6월 24일 오전 8:00 (GMT+9),
발표 리허설,2024년 6월 25일,
휴강,2024년 6월 6일,
중간점검,2024년 6월 17일,
데이터 수집,2024년 6월 3일 → 2024년 6월 7일,
감정 태그 클러스터링,2024년 6월 10일,
Baseline 모델 구현,2024년 6월 11일 → 2024년 6월 14일,
모델 성능 향상,2024년 6월 18일 → 2024년 6월 20일,
데모 웹 구현,2024년 6월 21일 → 2024년 6월 24일,
부족한 부분 보완,2024년 6월 26일,